output,average_accuracy
compressed_gas,0.9374358974358974
explosive,0.9688205128205127
oxidizer,0.9506666666666667
